id,title,score,num_comments,author,created_utc,url,over_18,edited,spoiler,stickied
1irdcie,"Welcome to data engineering, Elon!",393,155,madredditscientist,2025-02-17 06:15:23,https://i.redd.it/ulxqcj516nje1.png,False,False,False,False
1ir381i,APIâ€™s in production,32,20,Gold_data1,2025-02-16 21:32:51,https://www.reddit.com/r/dataengineering/comments/1ir381i/apis_in_production/,False,False,False,False
1ir7a9g,Using Dagster to learn transferable ETL techniques,14,7,Think_Rub2459,2025-02-17 00:39:44,https://www.reddit.com/r/dataengineering/comments/1ir7a9g/using_dagster_to_learn_transferable_etl_techniques/,False,False,False,False
1iquxmd,Making a Streaming JOIN 50% faster,17,0,bobbymk10,2025-02-16 15:44:00,https://www.reddit.com/r/dataengineering/comments/1iquxmd/making_a_streaming_join_50_faster/,False,False,False,False
1iqya2s,What's the current job market like for DE? UK/EU/Remote,11,24,Material_Direction_1,2025-02-16 18:05:41,https://www.reddit.com/r/dataengineering/comments/1iqya2s/whats_the_current_job_market_like_for_de/,False,False,False,False
1ir00k6,Data engineering professional development courses?,5,5,henry73011,2025-02-16 19:17:34,https://www.reddit.com/r/dataengineering/comments/1ir00k6/data_engineering_professional_development_courses/,False,False,False,False
1iqr378,Relocating away from Europe,7,43,Ok-League-5881,2025-02-16 12:22:03,https://www.reddit.com/r/dataengineering/comments/1iqr378/relocating_away_from_europe/,False,False,False,False
1iqpco3,Opinions please - best options for data analytics?,7,7,Super-Cynical,2025-02-16 10:19:15,https://www.reddit.com/r/dataengineering/comments/1iqpco3/opinions_please_best_options_for_data_analytics/,False,False,False,False
1irb168,How to Switch from trainer to data engineer?,3,4,VictoryOk3604,2025-02-17 03:58:07,https://www.reddit.com/r/dataengineering/comments/1irb168/how_to_switch_from_trainer_to_data_engineer/,False,False,False,False
1ir79aj,Calculating retention rate summaries,3,7,adgjl12,2025-02-17 00:38:16,https://www.reddit.com/r/dataengineering/comments/1ir79aj/calculating_retention_rate_summaries/,False,False,False,False
1iqwf2t,Next Career Move?,4,1,avg_grl,2025-02-16 16:48:46,https://www.reddit.com/r/dataengineering/comments/1iqwf2t/next_career_move/,False,False,False,False
1iqttvr,Data Mart Assistance,2,6,Fine-Current-7691,2025-02-16 14:53:01,https://www.reddit.com/r/dataengineering/comments/1iqttvr/data_mart_assistance/,False,False,False,False
1irgca0,[DQ] soda core: what's its use?,1,0,Think-Reflection500,2025-02-17 09:48:02,https://www.reddit.com/r/dataengineering/comments/1irgca0/dq_soda_core_whats_its_use/,False,False,False,False
1irfdbk,Cognizant walkin drive,1,0,Alternative_Way_9046,2025-02-17 08:37:48,https://www.reddit.com/r/dataengineering/comments/1irfdbk/cognizant_walkin_drive/,False,False,False,False
1irf889,Need some guidance.,1,1,nachnachbewdabankar,2025-02-17 08:27:32,https://www.reddit.com/r/dataengineering/comments/1irf889/need_some_guidance/,False,False,False,False
1ircsr5,Definitive Leetcode Prep Guide Anyone?,1,0,Apprehensive_Toe9057,2025-02-17 05:41:42,https://www.reddit.com/r/dataengineering/comments/1ircsr5/definitive_leetcode_prep_guide_anyone/,False,False,False,False
1ircakv,Concurrent data loading into one table in snowflake,1,4,JuggernautDue2510,2025-02-17 05:10:43,https://www.reddit.com/r/dataengineering/comments/1ircakv/concurrent_data_loading_into_one_table_in/,False,False,False,False
1ir87e5,Fact and Dims,0,6,Fine-Current-7691,2025-02-17 01:25:45,https://www.reddit.com/r/dataengineering/comments/1ir87e5/fact_and_dims/,False,False,False,False
1iqwtkr,Searching for a job opening as Data Engineer,0,5,Fit_Speech_662,2025-02-16 17:05:39,https://www.reddit.com/r/dataengineering/comments/1iqwtkr/searching_for_a_job_opening_as_data_engineer/,False,False,False,False
1ircxmn,Which laptop is best for Data Engineers?,0,16,ToughAd3865,2025-02-17 05:49:54,https://www.reddit.com/r/dataengineering/comments/1ircxmn/which_laptop_is_best_for_data_engineers/,False,False,False,False
1iquzak,Anyone from India here? Need guidance,0,3,GarageFederal,2025-02-16 15:46:09,https://www.reddit.com/r/dataengineering/comments/1iquzak/anyone_from_india_here_need_guidance/,False,False,False,False
